subject,sex,eid,sequence_id,has_video,load_status,load_error,n_trials,n_choice_trials,included
CSHL024,F,89e258e9-cbca-4eca-bac4-13a2388b5113,0,True,success,,580,578,False
CSHL025,F,c875fc7d-0966-448a-813d-663088fbfae8,0,True,success,,740,740,False
CSHL045,M,034e726f-b35f-41e0-8d6c-a22cc32391fb,0,True,success,,589,585,True
CSHL045,M,46794e05-3f6a-4d35-afb3-9165091a5a74,1,True,success,,807,807,True
CSHL045,M,7939711b-8b4d-4251-b698-b97c1eaa846e,2,True,success,,1019,1019,True
CSHL045,M,dfd8e7df-dc51-4589-b6ca-7baccfeb94b4,3,True,success,,528,513,True
CSHL045,M,fa704052-147e-46f6-b190-a65b837e605e,4,True,success,,1007,1006,True
CSHL046,M,c94463ed-57da-4f02-8406-46f2f03924f3,0,True,success,,807,807,False
CSHL047,M,2d5f6d81-38c4-4bdc-ac3c-302ea4d5f46e,0,True,success,,421,420,True
CSHL047,M,89f0d6ff-69f4-45bc-b89e-72868abb042a,1,True,success,,948,948,True
CSHL047,M,b52182e7-39f6-4914-9717-136db589706e,2,True,success,,700,698,True
CSHL049,M,4b7fbad4-f6de-43b4-9b15-c7c7ef44db4b,0,True,success,,842,842,True
CSHL049,M,c99d53e6-c317-4c53-99ba-070b26673ac4,1,True,success,,642,640,True
CSHL049,M,d2918f52-8280-43c0-924b-029b2317e62c,2,True,success,,837,837,True
CSHL049,M,d839491f-55d8-4cbe-a298-7839208ba12b,3,True,success,,559,554,True
CSHL051,F,ecb5520d-1358-434c-95ec-93687ecd1396,0,True,success,,510,502,False
CSHL052,F,3663d82b-f197-4e8b-b299-7b803a155b84,0,True,success,,893,893,True
CSHL052,F,4b00df29-3769-43be-bb40-128b1cba6d35,1,True,success,,812,812,True
CSHL052,F,5386aba9-9b97-4557-abcd-abc2da66b863,2,True,success,,1011,1010,True
CSHL052,F,83e77b4b-dfa0-4af9-968b-7ea0c7a0c7e4,3,True,success,,907,907,True
CSHL052,F,85dc2ebd-8aaf-46b0-9284-a197aee8b16f,4,True,success,,770,762,True
CSHL053,F,0deb75fb-9088-42d9-b744-012fb8fc4afb,0,True,success,,675,675,True
CSHL053,F,12dc8b34-b18e-4cdd-90a9-da134a9be79c,1,True,success,,907,907,True
CSHL053,F,810b1e07-009e-4ebe-930a-915e4cd8ece4,2,True,success,,469,469,True
CSHL053,F,eef82e27-c20e-48da-b4b7-c443031649e3,3,True,success,,509,505,True
CSHL054,F,57fd2325-67f4-4d45-9907-29e77d3043d7,0,True,success,,171,164,True
CSHL054,F,a71175be-d1fd-47a3-aa93-b830ea3634a1,1,True,success,,855,855,True
CSHL055,F,0cbeae00-e229-4b7d-bdcc-1b0569d7e0c3,0,True,success,,771,749,False
CSHL058,M,28741f91-c837-4147-939e-918d38d849f2,0,True,success,,401,385,True
CSHL058,M,f312aaec-3b6f-44b3-86b4-3a0c119c0438,1,True,success,,626,621,True
CSHL058,M,fb70ebf7-8175-42b0-9b7a-7c6e8612226e,2,True,success,,649,644,True
CSHL059,M,37e96d0b-5b4b-4c6e-9b29-7edbdc94bbd0,0,True,success,,630,629,True
CSHL059,M,57b5ae8f-d446-4161-b439-b191c5e3e77b,1,True,success,,639,629,True
CSHL059,M,d16a9a8d-5f42-4b49-ba58-1746f807fcc1,2,True,success,,449,449,True
CSHL059,M,d2f5a130-b981-4546-8858-c94ae1da75ff,3,True,success,,525,501,True
CSHL059,M,dda5fc59-f09a-4256-9fb5-66c67667a466,4,True,success,,751,750,True
CSHL060,M,1191f865-b10a-45c8-9c48-24a980fd9402,0,True,success,,966,966,True
CSHL060,M,2e6e179c-fccc-4e8f-9448-ce5b6858a183,1,True,success,,553,540,True
CSHL060,M,6364ff7f-6471-415a-ab9e-632a12052690,2,True,success,,629,629,True
CSHL060,M,7be8fec4-406b-4e74-8548-d2885dcc3d5e,3,True,success,,594,594,True
CSHL060,M,f10efe41-0dc0-44d0-8f26-5ff68dca23e9,4,True,success,,663,662,True
CSHL068,F,022dd14c-eff2-470f-863c-e019fafa53ae,0,True,success,,410,410,False
CSHL069,F,a06189b0-a66e-4a5a-a1ef-4afa80de8b31,0,True,success,,836,836,True
CSHL069,F,bf358c9a-ef84-4604-b83a-93416d2827ff,1,True,success,,893,893,True
CSHL072,M,a45e62df-9f7f-4429-95a4-c4e334c8209f,0,True,success,,919,915,True
CSHL072,M,b26295df-e78d-4368-b694-1bf584f25bfc,1,True,success,,1005,1004,True
CSHL072,M,fe0ecca9-9279-4ce6-bbfe-8b875d30d34b,2,True,success,,668,668,True
CSHL075,M,bb2153e7-1052-491e-a022-790e755c7a54,0,True,success,,1014,1014,True
CSHL075,M,f45e30cf-12aa-4fa0-8248-f9f885dfa9ef,1,True,success,,798,798,True
CSH_ZAD_001,F,3e7ae7c0-fe8b-487c-9354-036236fa1010,0,True,success,,854,850,False
CSH_ZAD_011,F,5b44c40f-80f4-44fb-abfb-c7f19e27a6ca,0,True,success,,591,591,False
CSH_ZAD_019,F,49e0ab27-827a-4c91-bcaa-97eea27a1b8d,0,True,success,,884,882,True
CSH_ZAD_019,F,5adab0b7-dfd0-467d-b09d-43cb7ca5d59c,1,True,success,,672,667,True
CSH_ZAD_019,F,7f6b86f9-879a-4ea2-8531-294a221af5d0,2,True,success,,1013,1007,True
CSH_ZAD_019,F,edd22318-216c-44ff-bc24-49ce8be78374,3,True,success,,891,890,True
CSH_ZAD_022,M,1eac875c-feaa-4a30-b148-059b954b11d8,0,True,success,,1253,1253,True
CSH_ZAD_022,M,41431f53-69fd-4e3b-80ce-ea62e03bf9c7,1,True,success,,570,570,True
CSH_ZAD_022,M,6a601cc5-7b79-4c75-b0e8-552246532f82,2,True,success,,827,827,True
CSH_ZAD_022,M,8db36de1-8f17-4446-b527-b5d91909b45a,3,True,success,,1440,1438,True
CSH_ZAD_022,M,90e74228-fd1a-482f-bd56-05dbad132861,4,True,success,,971,968,True
CSH_ZAD_022,M,a66f1593-dafd-4982-9b66-f9554b6c86b5,5,True,success,,657,651,True
CSH_ZAD_022,M,a82800ce-f4e3-4464-9b80-4c3d6fade333,6,True,success,,672,670,True
CSH_ZAD_024,M,8207abc6-6b23-4762-92b4-82e05bed5143,0,True,success,,751,743,False
CSH_ZAD_025,M,20c112a1-8a42-44e0-a4cd-e5b932f7bda9,0,True,success,,636,636,True
CSH_ZAD_025,M,280ee768-f7b8-4c6c-9ea0-48ca75d6b6f3,1,True,success,,888,882,True
CSH_ZAD_025,M,549caacc-3bd7-40f1-913d-e94141816547,2,True,success,,407,401,True
CSH_ZAD_025,M,6274dda8-3a59-4aa1-95f8-a8a549c46a26,3,True,success,,781,781,True
CSH_ZAD_025,M,90c61c38-b9fd-4cc3-9795-29160d2f8e55,4,True,success,,804,804,True
CSH_ZAD_025,M,c557324b-b95d-414c-888f-6ee1329a2329,5,True,success,,1053,1051,True
CSH_ZAD_025,M,ff48aa1d-ef30-4903-ac34-8c41b738c1b9,6,True,success,,945,945,True
CSH_ZAD_026,M,15763234-d21e-491f-a01b-1238eb96d389,0,True,success,,894,892,True
CSH_ZAD_026,M,5d01d14e-aced-4465-8f8e-9a1c674f62ec,1,True,success,,555,554,True
CSH_ZAD_026,M,626126d5-eecf-4e9b-900e-ec29a17ece07,2,True,success,,972,972,True
CSH_ZAD_026,M,81a78eac-9d36-4f90-a73a-7eb3ad7f770b,3,True,success,,1103,1103,True
CSH_ZAD_026,M,b69b86be-af7d-4ecf-8cbf-0cd356afa1bd,4,True,success,,462,462,True
CSH_ZAD_026,M,e56541a5-a6d5-4750-b1fe-f6b5257bfe7c,5,True,success,,583,582,True
CSH_ZAD_029,M,1ec23a70-b94b-4e9c-a0df-8c2151da3761,0,True,success,,1194,1194,True
CSH_ZAD_029,M,5522ac4b-0e41-4c53-836a-aaa17e82b9eb,1,True,success,,1139,1139,True
CSH_ZAD_029,M,993c7024-0abc-4028-ad30-d397ad55b084,2,True,success,,1091,1091,True
CSH_ZAD_029,M,c7bd79c9-c47e-4ea5-aea3-74dda991b48e,3,True,success,,1213,1213,True
CSH_ZAD_029,M,e349a2e7-50a3-47ca-bc45-20d1899854ec,4,True,success,,1022,1022,True
CSH_ZAD_029,M,fcd49e34-f07b-441c-b2ac-cb8c462ec5ac,5,True,success,,1279,1279,True
CSH_ZAD_029,M,fece187f-b47f-4870-a1d6-619afe942a7d,6,True,success,,1525,1524,True
CSK-im-001,M,2c4a265e-3120-4f2e-b2b4-8341c778e888,0,True,success,,655,596,True
CSK-im-001,M,4b8c22d7-a4d2-4924-84b0-76ec242a2f3b,1,True,success,,525,515,True
CSK-im-002,M,1efa20cb-e3e9-4a28-b4f0-779e14a67d47,0,True,success,,915,827,True
CSK-im-002,M,32c0dc1e-0b30-493c-a27e-50bfcd0378cc,1,True,success,,983,873,True
CSK-im-002,M,70b6d2cf-87a5-4ec9-aaae-3536eb44896b,2,True,success,,1018,980,True
CSK-im-002,M,76448b54-0d56-469a-9c5b-6bdd3b7bce3d,3,True,success,,1143,854,True
CSK-im-002,M,ca316cfb-f846-4057-b33d-e651926b2b24,4,True,success,,790,768,True
CSK-im-002,M,db9b17f7-6bb2-48f8-91ba-b655fc74b84a,5,True,success,,1007,978,True
CSK-im-009,M,12046ccd-b737-4c01-bc70-400f3b69291b,0,True,success,,1076,1060,True
CSK-im-009,M,1fcf8413-d681-495d-8660-e73f600bab29,1,True,success,,866,855,True
CSK-im-009,M,210876d7-5465-4326-91e8-55d355ca8550,2,True,success,,891,884,True
CSK-im-009,M,2864dca1-38d8-464c-9777-f6fdfd5e63b5,3,True,success,,810,795,True
CSK-im-009,M,2cdac946-3a62-458e-9060-57466f4c6bda,4,True,success,,778,746,True
CSK-im-009,M,6ac30638-2256-4799-a0f7-f641a7b5ee50,5,True,success,,541,511,True
CSK-im-009,M,7665dd63-7bda-430f-9425-054a2ddc3ea1,6,True,success,,679,658,True
CSK-im-009,M,781e1046-e4f6-46e5-a727-61a667cc570f,7,True,success,,486,412,True
CSK-im-009,M,8ba20ff9-d74f-42f0-b7bf-0a4c350ba53c,8,True,success,,766,755,True
CSK-im-009,M,9ec2bc3b-7bf1-49ca-9136-3a0eca0ac4e3,9,True,success,,594,561,True
CSK-im-009,M,bce316cc-263f-42fb-bf19-f8ff39ae6f5c,10,True,success,,583,553,True
CSK-im-009,M,cf63067f-e82a-4f92-93e8-c0e0eb57866d,11,True,success,,974,966,True
CSK-im-009,M,cf63a68b-83f2-4f93-84f1-30c02d01cd61,12,True,success,,798,778,True
CSK-im-009,M,dfe9b00e-9a20-47b0-ab1f-786f7ed827b1,13,True,success,,691,681,True
CSK-im-009,M,f7d46a15-9498-40dc-90da-fb977ce844be,14,True,success,,958,929,True
CSK-im-009,M,ff7a70f5-a2b6-4e7e-938e-e7208e0678c2,15,True,success,,376,338,True
CSK-im-010,M,6f94a278-ee23-43bd-868f-889157db8a8d,0,True,success,,829,818,True
CSK-im-010,M,be184bc8-37fb-494c-9fcf-619b10384018,1,True,success,,943,876,True
CSK-im-011,M,74f5c34c-f3a7-4f89-99a0-54ea388cbd9b,0,True,success,,1097,1091,True
CSK-im-011,M,8d098f4f-8067-4a17-8755-b3698e724d5d,1,True,success,,971,963,True
CSK-im-011,M,a940cd7d-0882-4440-bca0-ba50f5027c15,2,True,success,,1012,1010,True
CSK-im-011,M,b95ce513-423f-4e67-aefa-5515bfe18e62,3,True,success,,840,829,True
CSK-im-011,M,d34a502f-bd06-471f-8334-df41f785e1d9,4,True,success,,935,926,True
CSK-im-012,M,31c9782b-da54-46d0-a257-25f06bc4e5e8,0,True,success,,907,880,False
CSP011,F,ad5cd9dd-c363-4e4e-8ceb-572f1c8a635c,0,True,success,,748,745,True
CSP011,F,b40b367b-6f5e-46e5-b874-f7039bd32795,1,True,success,,165,114,True
CSP011,F,eb396dfd-1dc9-41a7-8ad9-fdb2ecfb6c73,2,True,success,,663,637,True
CSP013,F,05db35ff-68a2-4049-a586-11e8a2cccbf2,0,True,success,,649,647,True
CSP013,F,2f6c3c1b-818e-4d82-8127-ee58b9e3f02a,1,True,success,,841,841,True
CSP015,F,02ee1a4e-8a32-4575-943b-265d2d8ffe14,0,True,success,,898,888,True
CSP015,F,83e21dca-949b-4607-9c0c-e86959aaec41,1,True,success,,1122,1120,True
CSP015,F,a2d7c0dd-d80e-49da-8b88-7acee67ad92c,2,True,success,,632,622,True
CSP016,F,83769b74-6e3b-422a-8648-50c1a32c5dd4,0,True,success,,451,433,True
CSP016,F,9cb1fb73-ab3f-488b-bcab-474994de38a8,1,True,success,,520,515,True
CSP016,F,d86f3850-5183-4329-80ea-6902b9eb0e13,2,True,success,,432,430,True
CSP018,M,0ad4fa8e-8855-4539-841d-373d8c975bf6,0,True,success,,1172,1172,True
CSP018,M,bad413bd-6e5a-4532-937d-eeefa6b08515,1,True,success,,1156,1156,True
CSP023,M,37cd4cbb-1090-4a15-a6d0-97c24e8061c9,0,True,success,,813,805,True
CSP023,M,9532bcee-2839-4e76-ba3d-ad6c39ee0844,1,True,success,,980,980,True
CSP023,M,9a9d69b3-db9d-436c-9957-1980d998050e,2,True,success,,509,506,True
CSP025,M,0574827a-c1f1-4cc0-8188-520a6e575c01,0,True,success,,702,695,True
CSP025,M,709b3f53-d379-43f3-822c-1e9bd26f38c6,1,True,success,,598,586,True
CSP025,M,bfc87524-c333-4110-a52d-22530cee481b,2,True,success,,688,677,True
CSP025,M,fc8d9a41-5c68-435b-8ec3-a603b742d901,3,True,success,,684,672,True
CSP027,M,3270c445-4ae2-4079-9ba5-4e2f1eb94706,0,True,success,,619,606,True
CSP027,M,64d2d8a4-42bf-441c-9758-aa87dbf39c0d,1,True,success,,564,550,True
CSP027,M,83f4b301-f689-45b1-90c0-8a598c66f4a2,2,True,success,,660,645,True
CSP027,M,b2664575-a766-4a70-aba5-d0809557f420,3,True,success,,436,422,True
CSP028,M,303b4a2c-46b0-4042-91e7-6ec609dea0b3,0,True,success,,608,594,True
CSP028,M,8d61f21b-5d8b-420d-909c-08e75f39ed38,1,True,success,,793,789,True
CSP028,M,c2906035-f307-481e-9922-bb65803da633,2,True,success,,737,728,True
CSP028,M,d8921527-2f3a-4c5c-802a-bfa827fb4b2c,3,True,success,,806,796,True
CSP029,M,7c13fde2-66c5-4106-bab1-c014845c23c2,0,True,success,,607,597,True
CSP029,M,a4e8e8f4-4836-4363-8b84-ababee97cf31,1,True,success,,590,548,True
CSP029,M,e7d2decc-e212-484a-8dc4-a37634d76497,2,True,success,,530,512,True
CSP029,M,ebbbf535-39df-4cd0-8d58-9574614ae047,3,True,success,,560,556,True
CSP031,M,0cfe6b85-7ea2-4650-8835-f0a3a86dd285,0,True,success,,655,645,True
CSP031,M,26b65dd4-bbfa-4c82-814a-ad0177ebe504,1,True,success,,567,561,True
CSP031,M,8fda20d8-7f18-4769-9536-deacc51cc0da,2,True,success,,738,736,True
CSP032,M,1145e793-69b9-4dbb-9b7a-05322b5fe82f,0,True,success,,581,581,False
CSP033,M,48a307da-2966-46c1-bd73-b78f50901ff1,0,True,success,,756,756,True
CSP033,M,9c1df22e-e9ae-4869-852d-fc93d7e89878,1,True,success,,537,533,True
CSP033,M,ef06e5cf-4809-4314-ba70-c0478cbae0bc,2,True,success,,726,725,True
CSP033,M,ef30a133-662f-4e1b-a971-f222d9b94f7e,3,True,success,,781,781,True
DY_008,M,0f25376f-2b78-4ddc-8c39-b6cdbe7bf5b9,0,True,success,,471,470,False
DY_008,M,ee13c19e-2790-4418-97ca-48f02e8013bb,1,True,success,,409,400,False
DY_009,M,158d5d35-a2ab-4a76-87b0-51048c5d5283,0,True,success,,401,393,True
DY_009,M,30e5937e-e86a-47e6-93ae-d2ae3877ff8e,1,True,success,,424,424,True
DY_009,M,3c851386-e92d-4533-8d55-89a46f0e7384,2,True,success,,403,401,True
DY_009,M,3dd347df-f14e-40d5-9ff2-9c49f84d2157,3,True,success,,401,398,True
DY_009,M,413a6825-2144-4a50-b3fc-cf38ddd6fd1a,4,True,success,,456,455,True
DY_009,M,6668c4a0-70a4-4012-a7da-709660971d7a,5,True,success,,427,424,True
DY_009,M,a19c7a3a-7261-42ce-95d5-1f4ca46007ed,6,True,success,,479,479,True
DY_009,M,db4df448-e449-4a6f-a0e7-288711e7a75a,7,True,success,,402,400,True
DY_009,M,e5c772cd-9c92-47ab-9525-d618b66a9b5d,8,True,success,,514,514,True
DY_010,M,02fbb6da-3034-47d6-a61b-7d06c796a830,0,True,success,,646,646,True
DY_010,M,4fa70097-8101-4f10-b585-db39429c5ed0,1,True,success,,485,483,True
DY_010,M,90d1e82c-c96f-496c-ad4e-ee3f02067f25,2,True,success,,541,538,True
DY_010,M,931a70ae-90ee-448e-bedb-9d41f3eda647,3,True,success,,501,501,True
DY_010,M,b03fbc44-3d8e-4a6c-8a50-5ea3498568e0,4,True,success,,402,395,True
DY_010,M,bb6a5aae-2431-401d-8f6a-9fdd6de655a9,5,True,success,,415,415,True
DY_011,M,36280321-555b-446d-9b7d-c2e17991e090,0,True,success,,556,540,True
DY_011,M,741979ce-3f10-443a-8526-2275620c8473,1,True,success,,617,612,True
DY_011,M,7bee9f09-a238-42cf-b499-f51f765c6ded,2,True,success,,449,442,True
DY_011,M,cf43dbb1-6992-40ec-a5f9-e8e838d0f643,3,True,success,,402,396,True
DY_013,M,2f63c555-eb74-4d8d-ada5-5c3ecf3b46be,0,True,success,,407,396,True
DY_013,M,9a629642-3a9c-42ed-b70a-532db0e86199,1,True,success,,401,387,True
DY_013,M,e535fb62-e245-4a48-b119-88ce62a6fe67,2,True,success,,434,431,True
DY_014,M,4720c98a-a305-4fba-affb-bbfa00a724a4,0,True,success,,608,605,True
DY_014,M,7622da34-51b6-4661-98ae-a57d40806008,1,True,success,,585,584,True
DY_014,M,b39752db-abdb-47ab-ae78-e8608bbf50ed,2,True,success,,636,636,True
DY_014,M,b658bc7d-07cd-4203-8a25-7b16b549851b,3,True,success,,925,925,True
DY_014,M,bd456d8f-d36e-434a-8051-ff3997253802,4,True,success,,630,625,True
DY_014,M,ee8b36de-779f-4dea-901f-e0141c95722b,5,True,success,,553,551,True
DY_014,M,f25642c6-27a5-4a97-9ea0-06652db79fbd,6,True,success,,403,396,True
DY_016,M,251ece37-7798-477c-8a06-2845d4aa270c,0,True,success,,507,507,True
DY_016,M,5339812f-8b91-40ba-9d8f-a559563cc46b,1,True,success,,438,438,True
DY_016,M,aa20388b-9ea3-4506-92f1-3c2be84b85db,2,True,success,,519,518,True
DY_016,M,c3d9b6fb-7fa9-4413-a364-92a54df0fc5d,3,True,success,,587,587,True
DY_016,M,d23a44ef-1402-4ed7-97f5-47e9a7a504d9,4,True,success,,410,410,True
DY_018,M,54238fd6-d2d0-4408-b1a9-d19d24fd29ce,0,True,success,,623,623,True
DY_018,M,cde63527-7f5a-4cc3-8ac2-215d82e7da26,1,True,success,,508,508,True
DY_018,M,e8b4fda3-7fe4-4706-8ec2-91036cfee6bd,2,True,success,,527,526,True
DY_020,M,26aa51ff-968c-42e4-85c8-8ff47d19254d,0,True,success,,534,534,True
DY_020,M,2e22c1fc-eec6-4856-85a0-7dba8668f646,1,True,success,,567,567,True
DY_020,M,4a45c8ba-db6f-4f11-9403-56e06a33dfa4,2,True,success,,401,401,True
DY_020,M,948fd27b-507b-41b3-bdf8-f9f5f0af8e0b,3,True,success,,604,604,True
DY_020,M,9eec761e-9762-4897-b308-a3a08c311e69,4,True,success,,744,744,True
DY_020,M,9fe512b8-92a8-4642-83b6-01158ab66c3c,5,True,success,,757,757,True
DY_020,M,e012d3e3-fdbc-4661-9ffa-5fa284e4e706,6,True,success,,705,705,True
DY_020,M,f7335a49-4a98-46d2-a8ce-d041d2eac1d6,7,True,success,,402,401,True
FD_14,M,2844dbf8-db2d-49ab-a5ba-490fb18c60fe,0,True,success,,446,433,True
FD_14,M,c66ac898-82e5-4f37-826e-1e2cbd29c0f8,1,True,success,,905,905,True
FD_14,M,eaa3be3b-49fc-4aa3-9abc-30b45db5cf4c,2,True,success,,675,675,True
FD_21,M,088f44ce-926e-4a3a-808d-3f1e1a595c6f,0,True,success,,697,697,True
FD_21,M,a6dd4f2a-8e9f-4877-a5f7-09653ba30ac7,1,True,success,,675,675,True
FD_21,M,ba9363ab-1d37-4f14-a158-85169d905c01,2,True,success,,553,551,True
FD_21,M,c4ef4d13-9a49-43f8-bd34-83262d9d1518,3,True,success,,1399,1399,True
FD_24,F,2dda7005-3392-4de5-bd65-f90263d8229f,0,True,success,,814,814,True
FD_24,F,71ceb3d4-ca68-4380-8fe7-9f63d26222f6,1,True,success,,951,948,True
FD_24,F,8df7b200-e44c-4c67-82e9-2666ba05d649,2,True,success,,813,812,True
FD_24,F,b2aa9c2d-524e-4966-840c-f10482ae2c1a,3,True,success,,851,845,True
FD_28,F,81f90b18-e61c-4d32-bbce-3e0c5f33f06c,0,True,success,,913,911,True
FD_28,F,ba892860-149e-4bff-9961-aa6583d96661,1,True,success,,907,904,True
FD_28,F,e2946a6f-4157-4c38-ba7e-83c31c218ea7,2,True,success,,527,515,True
FD_36,M,257ec2b8-6e8d-4b98-99de-a232b58fde2c,0,True,success,,690,690,True
FD_36,M,76edf716-f3c5-4823-95f3-9d37ed9cbeae,1,True,success,,1409,1409,True
FD_36,M,b052b9d7-3bfa-4d23-b195-99cfbd3f467c,2,True,success,,841,841,True
FMR009,M,10891de7-5737-4796-864a-9332036a60ac,0,True,success,,365,344,True
FMR009,M,27ade801-686d-426b-96e2-30ae50742c70,1,True,success,,741,736,True
FMR009,M,4386e497-eeac-4020-b8e8-73a05c10c472,2,True,success,,819,818,True
FMR009,M,e65e8f23-72f1-4f20-b254-8d9fcb2380c3,3,True,success,,786,782,True
FMR010,M,5ef0bd40-6c0a-46ed-bb62-dc407d9fcd09,0,True,success,,840,828,True
FMR010,M,81161ed2-909d-4d3f-8c05-4c5dd3d22bdc,1,True,success,,823,816,True
FMR010,M,b16f1259-b3a2-48be-bd24-ea827e6ab195,2,True,success,,897,894,True
FMR010,M,bc84df5d-7dec-441f-9eb0-f6b23deed715,3,True,success,,576,564,True
FMR011,M,16de9158-837e-4508-871e-4ec2a698e234,0,True,success,,632,613,True
FMR011,M,d1aab00c-cf94-479f-ad9e-cea9c7ba3a6f,1,True,success,,536,508,True
FMR011,M,fbddc2e9-5fd0-428d-a4f0-91ecdbdd105c,2,True,success,,748,734,True
FMR012,M,5b80af06-44bf-43a3-89ff-df9842a1abb8,0,True,success,,401,385,False
FMR012,M,6b20d98d-b026-4bbc-9832-3f51de6b86d3,1,True,success,,485,470,False
FMR014,M,044be2f4-e898-404c-91e2-1285cbada2cd,0,True,success,,783,772,True
FMR014,M,8c40bd7b-ea07-4aa6-805f-b6780781ffb9,1,True,success,,365,365,True
FMR014,M,8e11b2d9-3a05-4f65-9631-56b7db9206a7,2,True,success,,724,717,True
FMR015,F,1109474d-9805-4239-8fd8-707c94bb2928,0,True,success,,765,756,True
FMR015,F,4056ff6d-c882-46c0-af06-a5e53f67b54a,1,True,success,,573,536,True
FMR015,F,97287257-fd0d-474f-9370-e5297e691379,2,True,success,,821,808,True
FMR015,F,c8aa7a5c-b355-4fd8-9858-92bbf738554e,3,True,success,,763,754,True
FMR019,M,0cfcfb55-258f-4dc7-943c-30fbf48d1410,0,True,success,,502,493,True
FMR019,M,80d617ee-4010-4be1-8b11-03e508e88dfa,1,True,success,,488,472,True
FMR019,M,aa6e6db8-b57a-4b11-b1b9-b2f710af9598,2,True,success,,465,445,True
FMR019,M,f10ad1e6-daeb-4941-8e9e-0b4e657a7f1e,3,True,success,,570,552,True
FMR020,M,40a048d7-4612-40a4-80ab-41c9d1341d66,0,True,success,,775,770,True
FMR020,M,a9bec34e-0ab7-400a-94e3-eee79e8133a7,1,True,success,,754,751,True
FMR020,M,d25dcbfa-501a-4037-bb5d-0726c17f429d,2,True,success,,756,752,True
FMR020,M,f2e6bdd5-1ddc-4c4a-8ac6-ca6734ad6666,3,True,success,,608,608,True
FMR024,M,247954c5-ded8-4356-ba96-c808f6faa21c,0,True,success,,748,738,True
FMR024,M,2ae486a1-aa10-41e4-b06f-ad7ffdfe7615,1,True,success,,518,497,True
FMR024,M,3ce6bd7c-7fc7-47df-8257-31d2a5994b13,2,True,success,,557,522,True
FMR024,M,eed7b1c0-fcdb-4727-a63f-00e42083d1df,3,True,success,,642,617,True
FMR025,M,c467ea8f-a3ea-47d0-ba9a-f4aa0305dedf,0,True,success,,639,622,False
FMR025,M,f04311ca-d6a2-48d1-8878-967c09a6543d,1,True,success,,323,279,False
FMR027,M,0eab2fc7-a065-4841-b31f-39019a8e62f4,0,True,success,,574,561,True
FMR027,M,2ec0e91c-4728-438a-9c6c-b40fcf05f292,1,True,success,,482,462,True
FMR027,M,5629ff5b-0409-4028-931b-1f0338b79c1c,2,True,success,,651,645,True
FMR027,M,ad79a210-47ad-4eda-a8d8-ec35f43ca4f2,3,True,success,,647,646,True
FMR028,F,03ab27ed-3a61-4aa9-b78a-abd6dec138ce,0,True,success,,365,336,False
FMR028,F,6844490f-b958-42f8-88ac-6b2bba1565bc,1,True,success,,573,548,False
FMR029,F,29e98de8-2349-40d5-ad6b-60cde6644c7e,0,True,success,,422,401,True
FMR029,F,73d28cb2-c19a-4607-8bc0-4f032841d239,1,True,success,,576,572,True
FMR029,F,992c382b-6c04-44e4-a7f4-4b734ed9b519,2,True,success,,535,523,True
FMR029,F,eeceb2ca-6870-4b85-aca8-95d20cb06e4d,3,True,success,,577,568,True
FMR031,M,10f85ffa-1cf1-4bc2-885c-511e3209e7a1,0,True,success,,557,533,True
FMR031,M,3da15f76-b31b-4ca7-a25c-c46cb8e40a06,1,True,success,,658,640,True
FMR031,M,95efe206-080b-4996-8905-65b76fd0297c,2,True,success,,592,570,True
FMR032,M,51016b5a-8103-49a0-ad87-af767937cac3,0,True,success,,745,745,True
FMR032,M,914b9fdb-9e49-4b40-88a2-b03b8917cd55,1,True,success,,766,764,True
FMR032,M,e730c7bc-c8c8-4402-9c9f-f560618ca7d1,2,True,success,,786,783,True
KS014,M,16693458-0801-4d35-a3f1-9115c7e5acfd,0,True,success,,531,531,True
KS014,M,b9c205c3-feac-485b-a89d-afc96d9cb280,1,True,success,,657,657,True
KS014,M,e1931de1-cf7b-49af-af33-2ade15e8abe7,2,True,success,,688,686,True
KS016,M,16c3667b-e0ea-43fb-9ad4-8dcd1e6c40e1,0,True,success,,553,553,True
KS016,M,6cf2a88a-515b-4f7f-89a2-7d53eab9b5f4,1,True,success,,445,445,True
KS016,M,dd87e278-999d-478b-8cbd-b5bf92b84763,2,True,success,,744,744,True
KS020,M,572a95d1-39ca-42e1-8424-5c9ffcb2df87,0,True,success,,339,332,False
KS020,M,c7b0e1a3-4d4d-4a76-9339-e73d0ed5425b,1,True,failed,"ALFObjectNotFound: trials 
 The ALF object was not found.  This may occur if the object or namespace or incorrectly formatted e.g. the object ""_ibl_trials.intervals.npy"" would be found with the filters `object=""trials"", namespace=""ibl""` ",0,0,False
KS022,M,15f742e1-1043-45c9-9504-f1e8a53c1744,0,True,success,,826,826,False
KS023,F,a4000c2f-fa75-4b3e-8f06-a7cf599b87ad,0,True,success,,653,652,True
KS023,F,a92c4b1d-46bd-457e-a1f4-414265f0e2d4,1,True,success,,800,800,True
KS023,F,aad23144-0e52-4eac-80c5-c4ee2decb198,2,True,success,,641,641,True
KS023,F,cc45c568-c3b9-4f74-836e-c87762e898c8,3,True,success,,715,715,True
KS042,M,07dc4b76-5b93-4a03-82a0-b3d9cc73f412,0,True,success,,692,691,True
KS042,M,8c552ddc-813e-4035-81cc-3971b57efe65,1,True,success,,457,456,True
KS043,M,9468fa93-21ae-4984-955c-e8402e280c83,0,True,success,,514,514,True
KS043,M,e5c75b62-6871-4135-b3d0-f6464c2d90c0,1,True,success,,581,579,True
KS044,M,781b35fd-e1f0-4d14-b2bb-95b7263082bb,0,True,success,,471,471,True
KS044,M,a6fe44a8-07ab-49b8-81f9-e18575aa85cc,1,True,success,,786,783,True
KS045,M,0cad7ea8-8e6c-4ad1-a5c5-53fbb2df1a63,0,True,success,,314,297,False
KS046,M,0ac8d013-b91e-4732-bc7b-a1164ff3e445,0,True,success,,841,840,True
KS046,M,69c9a415-f7fa-4208-887b-1417c1479b48,1,True,success,,637,637,True
KS046,M,aa3432cd-62bd-40bc-bc1c-a12d53bcbdcf,2,True,success,,656,656,True
KS046,M,dfbe628d-365b-461c-a07f-8b9911ba83aa,3,True,success,,753,753,True
KS051,M,0a018f12-ee06-4b11-97aa-bbbff5448e9f,0,True,success,,478,478,False
KS051,M,4503697e-af44-47d9-898d-4924be990240,1,True,success,,415,409,False
KS055,M,b22f694e-4a34-4142-ab9d-2556c3487086,0,True,success,,480,479,False
KS074,M,c7bf2d49-4937-4597-b307-9f39cb1c7b16,0,True,success,,587,587,False
KS075,M,5dcee0eb-b34d-4652-acc3-d10afc6eae68,0,True,success,,828,828,False
KS084,M,1b715600-0cbc-442c-bd00-5b0ac2865de1,0,True,success,,437,437,False
KS084,M,b196a2ad-511b-4e90-ac99-b5a29ad25c22,1,True,success,,530,530,False
KS086,M,e45481fa-be22-4365-972c-e7404ed8ab5a,0,True,success,,525,509,True
KS086,M,ffef0311-8ffa-49e3-a857-b3adf6d86e12,1,True,success,,578,571,True
KS089,M,d04feec7-d0b7-4f35-af89-0232dd975bf0,0,True,success,,402,384,False
KS091,M,196a2adf-ff83-49b2-823a-33f990049c2e,0,True,success,,600,600,True
KS091,M,78b4fff5-c5ec-44d9-b5f9-d59493063f00,1,True,success,,892,892,True
KS094,M,3f859b5c-e73a-4044-b49e-34bb81e96715,0,True,success,,490,490,True
KS094,M,6b0b5d24-bcda-4053-a59c-beaa1fe03b8f,1,True,success,,684,683,True
KS094,M,752456f3-9f47-4fbf-bd44-9d131c0f41aa,2,True,success,,511,507,True
KS094,M,c8d46ee6-eb68-4535-8756-7c9aa32f10e4,3,True,success,,480,477,True
KS096,M,1b9e349e-93f2-41cc-a4b5-b212d7ddc8df,0,True,success,,1140,1138,True
KS096,M,446f4724-1690-49f9-819a-2bd8e2ea88ce,1,True,success,,701,701,True
KS096,M,8928f98a-b411-497e-aa4b-aa752434686d,2,True,success,,663,663,True
KS096,M,a2701b93-d8e1-47e9-a819-f1063046f3e7,3,True,success,,515,515,True
KS096,M,f819d499-8bf7-4da0-a431-15377a8319d5,4,True,success,,441,438,True
MFD_05,M,004d8fd5-41e7-4f1b-a45b-0d4ad76fe446,0,True,success,,692,692,True
MFD_05,M,7dd27c2f-9544-448d-918d-be0f9837b0e0,1,True,success,,525,524,True
MFD_05,M,ca4ecb4c-4b60-4723-9b9e-2c54a6290a53,2,True,success,,620,620,True
MFD_06,M,35eeb752-8f4f-4040-9714-ba0f5b7ccdfe,0,True,success,,762,762,True
MFD_06,M,3f71aa98-08c6-4e79-b4c8-00eae4f03eff,1,True,success,,672,670,True
MFD_06,M,6899a67d-2e53-4215-a52a-c7021b5da5d4,2,True,success,,402,381,True
MFD_06,M,97c1d08d-57b4-4595-8052-91eb84ebfd74,3,True,success,,779,779,True
MFD_06,M,a1782f4f-86b0-480c-a7f2-3d8f1ab482ab,4,True,success,,741,741,True
MFD_07,M,11163613-a6c9-4975-9586-84dc00481547,0,True,success,,816,815,True
MFD_07,M,15b69921-d471-4ded-8814-2adad954bcd8,1,True,success,,825,822,True
MFD_07,M,c46b8def-620d-4d70-9397-be5694255f73,2,True,success,,720,719,True
MFD_08,M,5ae68c54-2897-4d3a-8120-426150704385,0,True,success,,740,740,True
MFD_08,M,a7eba2cf-427f-4df9-879b-e53e962eae18,1,True,success,,789,789,True
MFD_09,M,ebce500b-c530-47de-8cb1-963c552703ea,0,True,success,,569,537,False
NR_0017,M,e6043c7d-8f6e-4b66-8309-2ec0abac0f79,0,True,success,,911,911,False
NR_0019,M,63c70ae8-4dfb-418b-b21b-f0b1e5fba6c9,0,True,success,,900,900,True
NR_0019,M,9b528ad0-4599-4a55-9148-96cc1d93fb24,1,True,success,,581,581,True
NR_0019,M,b887df2c-bb9c-44c9-a9c0-538da87b2cab,2,True,success,,478,477,True
NR_0020,M,3e6a97d3-3991-49e2-b346-6948cb4580fb,0,True,success,,525,525,True
NR_0020,M,5b49aca6-a6f4-4075-931a-617ad64c219c,1,True,success,,773,773,True
NR_0020,M,d901aff5-2250-467a-b4a1-0cb9729df9e2,2,True,success,,458,458,True
NR_0020,M,eacc49a9-f3a1-49f1-b87f-0972f90ee837,3,True,success,,817,817,True
NR_0021,M,1ca83b26-30fc-4350-a616-c38b7d00d240,0,True,success,,586,584,True
NR_0021,M,27ef44c0-acb2-4220-b776-477d0d5abd35,1,True,success,,593,588,True
NR_0021,M,e0928e11-2b86-4387-a203-80c77fab5d52,2,True,success,,474,474,True
NR_0021,M,f115196e-8dfe-4d2a-8af3-8206d93c1729,3,True,success,,645,645,True
NR_0024,F,2d9bfc10-59fb-424a-b699-7c42f86c7871,0,True,success,,678,678,True
NR_0024,F,3bcb81b4-d9ca-4fc9-a1cd-353a966239ca,1,True,success,,664,664,True
NR_0024,F,7cc74598-9c1b-436b-84fa-0bf89f31adf6,2,True,success,,526,526,True
NR_0024,F,f4eb56a4-8bf8-4bbc-a8f3-6e6535134bad,3,True,success,,558,558,True
NR_0027,M,0f77ca5d-73c2-45bd-aa4c-4c5ed275dbde,0,True,success,,1191,1191,True
NR_0027,M,195443eb-08e9-4a18-a7e1-d105b2ce1429,1,True,success,,1037,1037,True
NR_0027,M,6c6b0d06-6039-4525-a74b-58cfaa1d3a60,2,True,success,,1006,1006,True
NR_0027,M,ae8787b1-4229-4d56-b0c2-566b61a25b77,3,True,success,,885,885,True
NR_0028,F,28338153-4113-485b-835b-91cb96d984f2,0,True,success,,906,906,True
NR_0028,F,29a6def1-fc5c-4eea-ac48-47e9b053dcb5,1,True,success,,834,834,True
NR_0028,F,5c0c560e-9e1f-45e9-b66e-e4ee7855be84,2,True,success,,1100,1100,True
NR_0028,F,c958919c-2e75-435d-845d-5b62190b520e,3,True,success,,788,788,True
NR_0028,F,f56194bc-8215-4ae8-bc6a-89781ad8e050,4,True,success,,696,696,True
NR_0029,F,3a3ea015-b5f4-4e8b-b189-9364d1fc7435,0,True,success,,401,392,True
NR_0029,F,4e560423-5caf-4cda-8511-d1ab4cd2bf7d,1,True,success,,575,571,True
NR_0029,F,d85c454e-8737-4cba-b6ad-b2339429d99b,2,True,success,,413,408,True
NR_0029,F,de905562-31c6-4c31-9ece-3ee87b97eab4,3,True,success,,401,395,True
NR_0029,F,e6594a5b-552c-421a-b376-1a1baa9dc4fd,4,True,success,,401,392,True
NR_0031,F,642c97ea-fe89-4ec9-8629-5e492ea4019d,0,True,success,,489,488,False
NR_0031,F,caa5dddc-9290-4e27-9f5e-575ba3598614,1,True,success,,404,404,False
NYU-08,F,37602f31-1b09-4fc9-87b8-cc13b922d0e6,0,True,success,,409,406,False
NYU-08,F,fee6dd62-01d9-42d2-bcc1-5a7e27244edc,1,True,success,,492,492,False
NYU-11,F,56956777-dca5-468c-87cb-78150432cc57,0,True,success,,425,423,False
NYU-11,F,6713a4a7-faed-4df2-acab-ee4e63326f8d,1,True,success,,565,556,False
NYU-12,F,032ffcdf-7692-40b3-b9ff-8def1fc18b2e,0,True,success,,581,580,True
NYU-12,F,4364a246-f8d7-4ce7-ba23-a098104b96e4,1,True,success,,557,555,True
NYU-12,F,a8a8af78-16de-4841-ab07-fde4b5281a03,2,True,success,,550,539,True
NYU-21,F,61e11a11-ab65-48fb-ae08-3cb80662e5d6,0,True,success,,891,888,True
NYU-21,F,8c33abef-3d3e-4d42-9f27-445e9def08f9,1,True,success,,721,719,True
NYU-21,F,ebe2efe3-e8a1-451a-8947-76ef42427cc9,2,True,success,,672,672,True
NYU-26,M,71e55bfe-5a3a-4cba-bdc7-f085140d798e,0,True,success,,1146,1146,False
NYU-28,M,2573a6a3-deea-40e2-a2de-45d4c4ccb628,0,True,success,,329,317,True
NYU-28,M,7a2734eb-90bb-4bf6-8292-05efede0ea4d,1,True,success,,651,646,True
NYU-28,M,a7b8d51e-42f9-4c0c-96eb-52f2836c05fd,2,True,success,,564,555,True
NYU-28,M,e229abcd-7ac1-4ed6-85d1-34a32dc52467,3,True,success,,1059,1059,True
NYU-29,M,754b74d5-7a06-4004-ae0c-72a10b6ed2e6,0,True,success,,1028,1019,False
NYU-30,M,5569f363-0934-464e-9a5b-77c8e67791a1,0,True,success,,717,714,True
NYU-30,M,5ec72172-3901-4771-8777-6e9490ca51fc,1,True,success,,933,930,True
NYU-30,M,7691eeb3-715b-4571-8fda-6bb57aab8253,2,True,success,,785,785,True
NYU-30,M,77e6dc6a-66ed-433c-b1a2-778c914f523c,3,True,success,,784,784,True
NYU-31,M,62d0ad31-e748-4407-a391-1d964efde2ca,0,True,success,,436,435,True
NYU-31,M,7f4561ef-66b1-4fa8-a3ca-4f9a3b1f6dd1,1,True,success,,689,678,True
NYU-31,M,b6c15abe-2994-4dac-ba20-416b766b478f,2,True,success,,711,702,True
NYU-32,M,67b1d2b6-eba8-4492-a766-ce6791538242,0,True,success,,581,574,True
NYU-32,M,917dae01-b697-4fd4-a444-70bfa0cb241d,1,True,success,,667,662,True
NYU-32,M,fb40e050-b446-4419-9bdb-0ea93cacff19,2,True,success,,597,586,True
NYU-37,M,21d21fc3-4201-4edc-802a-c67b61952548,0,True,success,,548,541,True
NYU-37,M,7af49c00-63dd-4fed-b2e0-1b3bd945b20b,1,True,success,,414,414,True
NYU-37,M,83d85891-bd75-4557-91b4-1cbb5f8bfc9d,2,True,success,,443,443,True
NYU-37,M,aec5d3cc-4bb2-4349-80a9-0395b76f04e2,3,True,success,,649,645,True
NYU-37,M,f88d4dd4-ccd7-400e-9035-fa00be3bcfa8,4,True,success,,401,401,True
NYU-38,M,149f3648-2394-4015-851b-7237e55dabd2,0,True,success,,966,962,True
NYU-38,M,7c5537bb-1f49-40e8-b7f3-a0aef3897a07,1,True,success,,920,915,True
NYU-39,M,35ed605c-1a1a-47b1-86ff-2b56144f55af,0,True,success,,522,522,True
NYU-39,M,6ed57216-498d-48a6-b48b-a243a34710ea,1,True,success,,541,541,True
NYU-39,M,91a3353a-2da1-420d-8c7c-fad2fedfdd18,2,True,success,,508,508,True
NYU-39,M,ee212778-3903-4f5b-ac4b-a72f22debf03,3,True,success,,522,522,True
NYU-39,M,fa1f26a1-eb49-4b24-917e-19f02a18ac61,4,True,success,,605,605,True
NYU-40,M,5157810e-0fff-4bcf-b19d-32d4e39c7dfc,0,True,success,,434,434,True
NYU-40,M,71855308-7e54-41d7-a7a4-b042e78e3b4f,1,True,success,,516,516,True
NYU-40,M,8ca740c5-e7fe-430a-aa10-e74e9c3cbbe8,2,True,success,,546,545,True
NYU-40,M,f359281f-6941-4bfd-90d4-940be22ed3c3,3,True,success,,463,462,True
NYU-41,M,09f836ad-8105-464a-a55d-70c49e6e6def,0,True,success,,722,717,True
NYU-41,M,0f056fb2-239f-491f-bfbb-52a5384a5e8f,1,True,success,,856,856,True
NYU-41,M,2ad22504-9636-42ae-b4d9-76cfdb86ad52,2,True,success,,784,784,True
NYU-41,M,48d85702-d05a-4220-bb05-3199331c453b,3,True,success,,665,663,True
NYU-42,M,2ed3ef53-aaec-445f-b043-64476d4015ca,0,True,success,,271,245,False
NYU-42,M,720c3f1e-2bb9-441c-9b7b-bcd6f4ed4a7d,1,True,success,,620,612,False
NYU-43,M,4c3542e6-295c-4aa7-a5a9-efe8b89191d7,0,True,success,,610,586,True
NYU-43,M,58ff7fc3-f0a4-420d-b049-91dc9b5fe021,1,True,success,,583,550,True
NYU-43,M,e48e0f9b-1b5a-4c30-a6a0-bf026a2bfbde,2,True,success,,565,527,True
NYU-43,M,ea880263-3ab4-4521-9e75-c715f7a36d73,3,True,success,,458,417,True
NYU-44,M,3c1ac3fc-b81f-4109-90a9-5e305fb48a1b,0,True,success,,295,278,True
NYU-44,M,56913301-81d1-477f-9c16-63a351215f09,1,True,success,,455,454,True
NYU-44,M,a372fd6a-1964-403a-b160-6498e0eccd16,2,True,success,,802,802,True
NYU-44,M,b9055d59-8c6c-42b8-b261-19bd3cb8c426,3,True,success,,534,516,True
NYU-45,M,51e53aff-1d5d-4182-a684-aba783d50ae5,0,True,success,,505,505,True
NYU-45,M,537677fe-1e24-4755-948c-fa4a4e8ecce5,1,True,success,,474,474,True
NYU-45,M,5bcafa14-71cb-42fa-8265-ce5cda1b89e0,2,True,success,,436,436,True
NYU-46,M,6434f2f5-6bce-42b8-8563-d93d493613a2,0,True,success,,401,395,True
NYU-46,M,64e3fb86-928c-4079-865c-b364205b502e,1,True,success,,533,533,True
NYU-46,M,72982282-e493-45ee-87ce-aa45cb3a3ec1,2,True,success,,491,477,True
NYU-46,M,d32876dd-8303-4720-8e7e-20678dc2fd71,3,True,success,,424,424,True
NYU-47,M,15948667-747b-4702-9d53-354ac70e9119,0,True,success,,439,439,True
NYU-47,M,288bfbf3-3700-4abe-b6e4-130b5c541e61,1,True,success,,503,501,True
NYU-47,M,f140a2ec-fd49-4814-994a-fe3476f14e66,2,True,success,,403,388,True
NYU-47,M,fc43390d-457e-463a-9fd4-b94a0a8b48f5,3,True,success,,581,579,True
NYU-48,M,3d59aa1a-b4ba-47fe-b9cf-741b5fdb0c7b,0,True,success,,709,708,True
NYU-48,M,93ad879a-aa42-4150-83e1-38773c9785e4,1,True,success,,551,551,True
NYU-48,M,a405053a-eb13-4aa4-850c-5a337e5dc7fd,2,True,success,,615,614,True
NYU-48,M,c51f34d8-42f6-4c9c-bb5b-669fd9c42cd9,3,True,success,,472,472,True
NYU-49,M,03b83d58-23d9-467e-bac1-e12ab34683c0,0,True,success,,494,468,True
NYU-49,M,3dad6235-17ae-4eb3-bcb8-8fb6f69876e0,1,True,success,,506,492,True
NYU-49,M,8747dfc2-3456-4059-93b3-16ed6a8d0748,2,True,success,,754,746,True
NYU-50,M,06446c29-941f-4dad-9577-e7f9833fcfde,0,True,success,,339,312,True
NYU-50,M,0d186d0f-38e3-41e8-b4b3-f8e1b5dc2d59,1,True,success,,430,385,True
NYU-50,M,7fe33e9a-a9d1-4357-99d2-3eb067c1db86,2,True,success,,679,661,True
NYU-50,M,c7972c13-7e45-4892-ba1b-f0abf0c94070,3,True,success,,794,776,True
NYU-52,M,22bb2f57-c4d6-4867-9248-15857e14e453,0,True,success,,541,500,True
NYU-52,M,b72687bf-1452-4c33-8e9e-57d7676d6541,1,True,success,,721,706,True
NYU-52,M,ba361889-4c6c-4917-a6e4-fdfab243f2eb,2,True,success,,715,696,True
NYU-52,M,c9f7374f-6b39-4e6a-b6c7-3e09738061bf,3,True,success,,587,568,True
NYU-56,F,35ec45f2-3309-4f28-b532-b942336dd01d,0,True,success,,610,584,True
NYU-56,F,79afa7ac-84ce-4bba-80a3-c83eb623d597,1,True,success,,490,445,True
NYU-56,F,87dde49c-1ee8-4fdf-adff-21ea3b4500d8,2,True,success,,621,596,True
NYU-56,F,d8ef688e-9fd9-4c31-86c3-e8debbca2ae3,3,True,success,,434,401,True
NYU-57,F,005ff9c3-36d2-4b15-be6b-4ea5c564bc23,0,True,success,,386,364,True
NYU-57,F,354c37f7-1025-46b2-8c95-4fe76bb6b60b,1,True,success,,746,744,True
NYU-57,F,431012c1-caa6-46aa-a417-44b4bc29121f,2,True,success,,573,531,True
NYU-58,F,4159f6c6-b93a-45fb-acfa-9d4a58a7cabf,0,True,success,,709,698,True
NYU-58,F,91cc517d-628d-402f-a8a4-6bd239b97b36,1,True,success,,767,765,True
NYU-58,F,a1342922-23c7-4982-9c72-6ca4a237439b,2,True,success,,515,475,True
NYU-58,F,cf1720c2-74cd-488c-b1d2-6ff6db6d1a74,3,True,success,,702,690,True
NYU-65,M,8c025071-c4f3-426c-9aed-f149e8f75b7b,0,True,success,,531,525,True
NYU-65,M,a2ec6341-c55f-48a0-a23b-0ef2f5b1d71e,1,True,success,,411,407,True
NYU-65,M,bb8d9451-fdbd-4f46-b52e-9290e8f84d2e,2,True,success,,503,497,True
PL015,M,09156021-9a1d-4e1d-ae59-48cbde3c5d42,0,True,success,,630,630,True
PL015,M,1d4a7bd6-296a-48b9-b20e-bd0ac80750a5,1,True,success,,417,414,True
PL015,M,64977c74-9c04-437a-9ea1-50386c4996db,2,True,success,,817,817,True
PL015,M,90e524a2-aa63-47ce-b5b8-1b1941a1223a,3,True,success,,419,417,True
PL015,M,9a6e127b-bb07-4be2-92e2-53dd858c2762,4,True,success,,653,653,True
PL016,M,58c4bf97-ec3b-45b4-9db4-d5d9515d5b00,0,True,success,,426,426,False
PL017,M,10fac7a1-919d-4ca7-83c4-4675bd8d9416,0,True,success,,546,545,True
PL017,M,1b61b7f2-a599-4e40-abd6-3e758d2c9e25,1,True,success,,875,875,True
PL017,M,68775ca0-b056-48d5-b6ae-a4c2a76ae48f,2,True,success,,817,813,True
PL017,M,8b1f4024-3d96-4ee7-95f9-8a1dfd4ce4ef,3,True,success,,401,394,True
PL017,M,d71e565d-4ddb-42df-849e-f99cfdeced52,4,True,success,,600,596,True
PL017,M,f27e6cd6-cdd3-4524-b8e3-8146046e2a7d,5,True,success,,419,419,True
PL024,M,30af8629-7b96-45b7-8778-374720ddbc5e,0,True,success,,416,413,False
PL030,M,2038e95d-64d4-4ecb-83d0-1308d3c598f8,0,True,success,,535,535,True
PL030,M,233617ec-c5cf-4eda-afc8-3b1d94f36d73,1,True,success,,444,438,True
PL030,M,283ecb4c-e529-409c-9f0a-8ea5191dcf50,2,True,success,,487,487,True
PL030,M,500a71dd-8768-4211-a1fe-1fafc9fcbf29,3,True,success,,408,406,True
PL030,M,61caa69d-088b-465a-b9d0-d75341dabac6,4,True,success,,504,504,True
PL030,M,6bf810fd-fbeb-4eea-9ea7-b6791d002b22,5,True,success,,489,489,True
PL030,M,bd07e3a7-09c3-4b67-996b-42b6d5cedf1c,6,True,success,,473,473,True
PL030,M,c16d3557-b2c1-4545-93d0-112ac0915d93,7,True,success,,532,531,True
PL031,M,9fcbd1a0-77e6-4c41-9428-eeaee74becd5,0,True,success,,522,522,True
PL031,M,c23b4118-db40-4333-af1d-933154b533c6,1,True,success,,457,456,True
PL031,M,c8e11fd8-d130-4f06-abba-9aa20240ce7c,2,True,success,,632,632,True
PL031,M,ef38e503-dd79-4185-bf87-4712d4f274fe,3,True,success,,577,577,True
PL031,M,fbd28ea6-3251-48e0-b215-2c51ec5185f7,4,True,success,,629,629,True
PL033,M,2ab7d2c2-bcb7-4ae6-9626-f3786c22d970,0,True,success,,591,590,True
PL033,M,37ac03f1-9831-4a30-90fc-a59e635b98bd,1,True,success,,490,489,True
PL033,M,4546cd60-fa2a-4d20-a9b6-d091e01d16f2,2,True,success,,550,550,True
PL033,M,49250fba-801c-4867-a0a7-a1e19538cb61,3,True,success,,678,678,True
PL033,M,62902992-8432-46fb-af12-6392012e58c7,4,True,success,,659,659,True
PL033,M,75db708a-9952-4452-a5b1-a851d88f8e28,5,True,success,,551,551,True
PL033,M,7f150b7c-c261-46e6-9edb-cc391c9d9f03,6,True,success,,656,656,True
PL033,M,837b4e6a-ccfd-49b0-a1dd-3aa53fbf2ecb,7,True,success,,560,560,True
PL033,M,94dabed1-741c-4ddd-a6b7-70561e27b750,8,True,success,,629,629,True
PL033,M,9fc31d79-b56f-46d0-92a0-e9563caf4a7a,9,True,success,,420,419,True
PL033,M,a34b4013-414b-42ed-9318-e93fbbc71e7b,10,True,success,,711,711,True
PL033,M,be164a14-6e73-42c3-ab60-d29c48693c0f,11,True,success,,420,420,True
PL033,M,cef05f87-161b-4031-932c-6f47daf89698,12,True,success,,586,586,True
PL034,M,3bb54985-77b2-421d-9d1f-46185be51216,0,True,success,,755,754,True
PL034,M,6cbeead9-bb7a-40e1-8ccd-47ae60239654,1,True,success,,499,499,True
PL034,M,87ad026d-5b95-4022-8d59-c260870d830f,2,True,success,,926,926,True
PL035,M,04749a70-ac63-477d-8392-d4d529184fab,0,True,success,,593,593,True
PL035,M,36573e0b-ddd6-4504-94ec-9a23c877486c,1,True,success,,516,516,True
PL035,M,5437ec1f-6535-470c-80b8-4c8806ee085d,2,True,success,,512,512,True
PL035,M,a2b9fbbe-79fc-4166-a16e-b307813a2f06,3,True,success,,469,469,True
PL037,M,14127fdb-2e66-4823-b124-f49c128ba94d,0,True,success,,629,628,True
PL037,M,62ff920c-2fdd-4feb-9d9f-0d66f2e595a1,1,True,success,,627,627,True
PL037,M,7235b10c-6621-44ea-abe9-01559633472d,2,True,success,,610,610,True
PL037,M,7eeb8423-49e6-4d40-ab6f-703d17af231a,3,True,success,,632,632,True
PL037,M,d23b005f-46f5-4fe1-870c-f55f6eb9533d,4,True,success,,586,583,True
PL037,M,fd03d365-91df-41e2-ad81-9e0e4b9f5c7b,5,True,success,,601,601,True
PL050,M,0cf6d255-8f2f-463e-84fb-c54bacb79f51,0,True,success,,702,702,True
PL050,M,1dbba733-24a4-4400-9436-53f1bd8428e8,1,True,success,,620,620,True
PL050,M,2584ce3c-db10-4076-89cb-5d313138dd38,2,True,success,,712,712,True
PL050,M,37bbc17f-8dec-4fa8-97fd-e23a5c6bad1f,3,True,success,,759,759,True
PL050,M,6ab9d98c-b1e9-4574-b8fe-b9eec88097e0,4,True,success,,874,874,True
PL050,M,98e0074c-706a-40e5-bbb5-223f97585a99,5,True,success,,740,740,True
PL050,M,c02e5155-8e8f-427e-873d-d61490bbb9c3,6,True,success,,929,929,True
PL050,M,e6bdb1f4-b0bf-4451-8f23-4384f2102f91,7,True,success,,773,773,True
PL050,M,e6de6c35-1508-4471-b7c3-f12a5c7a6d39,8,True,success,,540,539,True
SH013,M,34551324-5b96-4324-93ce-94f45387a52f,0,True,success,,236,211,False
SH013,M,637f9b07-0045-4883-b2c9-45a396ce69bd,1,True,success,,457,447,False
SH013,M,cdfb4449-30fb-4dd9-85cd-c8dd385ddf75,2,True,success,,155,113,False
SH014,M,352672f8-7a24-4f19-afcf-0ccd95aaea2e,0,True,success,,159,103,False
SH015,M,44bcaf66-178f-45ac-8754-02e89d884c67,0,True,success,,582,567,True
SH015,M,af2e1afe-7d77-42e3-8ef4-be742c1ff9d0,1,True,success,,774,774,True
SH015,M,ef8f1e97-ccab-4e21-bd66-2d9ec4313db5,2,True,success,,876,866,True
SH016,F,15151b1a-5b1d-4759-a157-303b9f08b776,0,True,success,,276,243,False
SH016,F,1dcde29b-a7ab-4ad4-b1ea-43a2753b953a,1,True,success,,544,521,False
SH016,F,54721d39-8143-4ec3-a6ca-a617ab3fc9e1,2,True,success,,173,118,False
SH016,F,ec20ae3a-4178-4a4a-8512-d5cd0fe6f7c9,3,True,success,,166,116,False
SH017,F,4a5c5a5f-3829-4026-9201-ea38c8ef65dd,0,True,success,,625,618,True
SH017,F,7f395298-8543-46bb-adc4-205d50d28cc5,1,True,success,,497,493,True
SH020,F,1e7b54c2-c86a-4839-ad5d-d041adb551e5,0,True,success,,633,624,True
SH020,F,ff470d4d-a9d0-4fe4-854b-800b1598b764,1,True,success,,609,588,True
SH022,M,43f721be-5454-45f4-9b4a-e162291dcf3b,0,True,success,,700,699,True
SH022,M,52f792b3-3fb1-4264-9f71-f88ab94bbc3b,1,True,success,,603,593,True
SH022,M,6efc87dc-d52b-4dd5-b655-5a304398c542,2,True,success,,591,588,True
SH023,M,274dacc9-05b2-4154-b4f7-8f6dd46efcc8,0,True,success,,571,557,True
SH023,M,8affebe0-5c38-4a4a-ba07-ad9b7632f0fe,1,True,success,,555,555,True
SH023,M,95636422-f252-40e1-9ca7-3b7feb927874,2,True,success,,772,754,True
SH023,M,e0a06445-29f3-4027-86dc-2adcbfc4e961,3,True,success,,706,694,True
SH027,M,56c93a95-9c9e-4526-b5bb-9706a7f2f9fb,0,True,success,,612,592,True
SH027,M,a23eb5b9-6b0c-469a-920c-26d422931e55,1,True,success,,684,657,True
SH027,M,d717d32d-8af8-4e86-a2dd-2aeaa76c110f,2,True,success,,785,769,True
SWC_023,M,38d95489-2e82-412a-8c1a-c5377b5f1555,0,True,success,,50,15,False
SWC_029,F,6f321eab-6dad-4f2e-8160-5b182f999bb6,0,True,success,,465,465,True
SWC_029,F,f31752a8-a6bb-498b-8118-6339d3d74ecb,1,True,success,,651,651,True
SWC_038,F,03063955-2523-47bd-ae57-f7489dd40f15,0,True,success,,867,866,True
SWC_038,F,1e45d992-c356-40e1-9be1-a506d944896f,1,True,success,,623,610,True
SWC_038,F,41872d7f-75cb-4445-bb1a-132b354c44f0,2,True,success,,512,507,True
SWC_039,F,768a371d-7e88-47f8-bf21-4a6a6570dd6e,0,True,success,,403,402,False
SWC_042,M,66d98e6e-bcd9-4e78-8fbb-636f7e808b29,0,True,success,,564,561,True
SWC_042,M,862ade13-53cd-4221-a3fa-dda8643641f2,1,True,success,,595,585,True
SWC_042,M,f9860a11-24d3-452e-ab95-39e199f20a93,2,True,success,,463,453,True
SWC_043,M,4ecb5d24-f5cc-402c-be28-9d0f7cb14b3a,0,True,success,,529,526,True
SWC_043,M,695a6073-eae0-49e0-bb0f-e9e57a9275b9,1,True,success,,651,648,True
SWC_043,M,6f09ba7e-e3ce-44b0-932b-c003fb44fb89,2,True,success,,551,549,True
SWC_043,M,6fb1e12c-883b-46d1-a745-473cde3232c8,3,True,success,,508,507,True
SWC_043,M,88d24c31-52e4-49cc-9f32-6adbeb9eba87,4,True,success,,547,546,True
SWC_043,M,c6db3304-c906-400c-aa0f-45dd3945b2ea,5,True,success,,742,741,True
SWC_043,M,f3ce3197-d534-4618-bf81-b687555d1883,6,True,success,,990,986,True
SWC_052,F,1928bf72-2002-46a6-8930-728420402e01,0,True,success,,669,669,True
SWC_052,F,22e04698-b974-4805-b241-3b547dbf37bf,1,True,success,,518,518,True
SWC_052,F,45ef6691-7b80-4a43-bd1a-85fc00851ae8,2,True,success,,645,645,True
SWC_052,F,7416f387-b302-4ca3-8daf-03b585a1b7ec,3,True,success,,476,476,True
SWC_052,F,7cb81727-2097-4b52-b480-c89867b5b34c,4,True,success,,658,658,True
SWC_052,F,f84045b0-ce09-4ace-9d11-5ea491620707,5,True,success,,583,583,True
SWC_052,F,fc14c0d6-51cf-48ba-b326-56ed5a9420c3,6,True,success,,519,518,True
SWC_053,M,032452e9-1886-449d-9c13-0f192572e19f,0,True,success,,426,410,True
SWC_053,M,239cdbb1-68e2-4eb0-91d8-ae5ae4001c7a,1,True,success,,636,634,True
SWC_053,M,75b6b132-d998-4fba-8482-961418ac957d,2,True,success,,471,459,True
SWC_054,M,56b57c38-2699-4091-90a8-aba35103155e,0,True,success,,571,571,True
SWC_054,M,671c7ea7-6726-4fbe-adeb-f89c2c8e489b,1,True,success,,802,802,True
SWC_054,M,6bb5da8f-6858-4fdd-96d9-c34b3b841593,2,True,success,,651,651,True
SWC_054,M,6c6983ef-7383-4989-9183-32b1a300d17a,3,True,success,,635,635,True
SWC_054,M,91796ceb-e314-4859-9a1f-092f85cc846a,4,True,success,,626,625,True
SWC_054,M,eebacd5a-7dcd-4ba6-9dff-ec2a4d2f19e0,5,True,success,,630,630,True
SWC_058,M,1735d2be-b388-411a-896a-60b01eaa1cfe,0,True,failed,"ALFObjectNotFound: trials 
 The ALF object was not found.  This may occur if the object or namespace or incorrectly formatted e.g. the object ""_ibl_trials.intervals.npy"" would be found with the filters `object=""trials"", namespace=""ibl""` ",0,0,True
SWC_058,M,3638d102-e8b6-4230-8742-e548cd87a949,1,True,success,,695,694,True
SWC_058,M,9545aa05-3945-4054-a5c3-a259f7209d61,2,True,success,,487,487,True
SWC_058,M,d3a2b25e-46d3-4f0b-ade6-4e32255f4c35,3,True,success,,949,949,True
SWC_058,M,f1db6257-85ef-4385-b415-2d078ec75df2,4,True,success,,741,741,True
SWC_060,F,81a1dca0-cc90-47c5-afe3-c277319c47c8,0,True,success,,444,438,True
SWC_060,F,875c1e5c-f7ec-45ac-ab82-ecfe7276a707,1,True,success,,787,778,True
SWC_060,F,dac3a4c1-b666-4de0-87e8-8c514483cacf,2,True,success,,501,487,True
SWC_061,F,360eac0c-7d2d-4cc1-9dcf-79fc7afc56e7,0,True,success,,609,601,True
SWC_061,F,493170a6-fd94-4ee4-884f-cc018c17eeb9,1,True,success,,686,685,True
SWC_061,F,d7e60cc3-6020-429e-a654-636c6cc677ea,2,True,success,,490,481,True
SWC_065,F,1425bd6f-c625-4f6a-b237-dc5bcfc42c87,0,True,success,,839,839,False
SWC_066,F,a4747ac8-6a75-444f-b99b-696fff0243fd,0,True,success,,504,504,True
SWC_066,F,f4ffb731-8349-4fe4-806e-0232a84e52dd,1,True,success,,844,844,True
UCLA005,F,d57df551-6dcb-4242-9c72-b806cff5613a,0,True,success,,772,772,False
UCLA006,F,19e66dc9-bf9f-430b-9d6a-acfa85de6fb7,0,True,success,,748,748,False
UCLA011,M,824cf03d-4012-4ab1-b499-c83a92c5589e,0,True,success,,764,759,False
UCLA012,M,1f095590-6669-46c9-986b-ccaf0620c5e9,0,True,success,,719,711,False
UCLA014,F,03d9a098-07bf-4765-88b7-85f8d8f620cc,0,True,success,,581,568,False
UCLA017,F,bb099402-fb31-4cfd-824e-1c97530a0875,0,True,success,,665,649,False
UCLA030,F,7f5df7eb-cf36-4589-a20a-14b535441142,0,True,success,,505,505,False
UCLA033,F,111c1762-7908-47e0-9f40-2f2ee55b6505,0,True,success,,724,724,True
UCLA033,F,32d27583-56aa-4510-bc03-669036edad20,1,True,success,,785,785,True
UCLA033,F,5455a21c-1be7-4cae-ae8e-8853a8d5f55e,2,True,success,,634,634,True
UCLA034,M,19b44992-d527-4a12-8bda-aa11379cb08c,0,True,success,,436,395,True
UCLA034,M,3537d970-f515-4786-853f-23de525e110f,1,True,success,,503,497,True
UCLA034,M,8a3a0197-b40a-449f-be55-c00b23253bbf,2,True,success,,417,387,True
UCLA034,M,ebc9392c-1ecb-4b4b-a545-4e3d70d23611,3,True,success,,496,467,True
UCLA035,M,6f36868f-5cc1-450c-82fa-6b9829ce0cfe,0,True,success,,1002,1002,True
UCLA035,M,f99ac31f-171b-4208-a55d-5644c0ad51c3,1,True,success,,748,748,True
UCLA036,M,e2b845a1-e313-4a08-bc61-a5f662ed295e,0,True,success,,476,469,False
UCLA037,M,2bdf206a-820f-402f-920a-9e86cd5388a4,0,True,success,,580,567,True
UCLA037,M,8d316998-28c3-4265-b029-e2ca82375b2f,1,True,success,,610,610,True
UCLA037,M,bda2faf5-9563-4940-a80f-ce444259e47b,2,True,success,,545,544,True
UCLA037,M,fa8ad50d-76f2-45fa-a52f-08fe3d942345,3,True,success,,459,456,True
UCLA044,F,23c75e0b-05d8-452e-8efb-a3687ab94079,0,True,success,,562,558,False
UCLA048,F,dc962048-89bb-4e6a-96a9-b062a2be1426,0,True,success,,458,458,False
UCLA049,F,0841d188-8ef2-4f20-9828-76a94d5343a4,0,True,success,,505,502,False
UCLA049,F,8a1cf4ef-06e3-4c72-9bc7-e1baa189841b,1,True,success,,405,405,False
UCLA052,F,687017d4-c9fc-458f-a7d5-0979fe1a7470,0,True,success,,436,426,False
ZFM-01576,F,9e9c6fc0-4769-4d83-9ea4-b59a1230510e,0,True,success,,1007,1007,True
ZFM-01576,F,c4432264-e1ae-446f-8a07-6280abade813,1,True,success,,848,848,True
ZFM-01577,F,09b2c4d1-058d-4c84-9fd4-97530f85baf6,0,True,success,,598,589,True
ZFM-01577,F,5d6aa933-4b00-4e99-ae2d-5003657592e9,1,True,success,,845,836,True
ZFM-01577,F,63f3dbc1-1a5f-44e5-98dd-ce25cd2b7871,2,True,success,,456,454,True
ZFM-01592,M,56bc129c-6265-407a-a208-cc16d20a6c01,0,True,success,,1065,1065,True
ZFM-01592,M,5b609f9b-75cb-43d3-9c39-b5b4b7a0db67,1,True,success,,1001,1001,True
ZFM-01592,M,746d1902-fa59-4cab-b0aa-013be36060d5,2,True,success,,660,650,True
ZFM-01935,M,1a507308-c63a-4e02-8f32-3239a07dc578,0,True,success,,743,743,True
ZFM-01935,M,71e03be6-b497-4991-a121-9416dcc1a6e7,1,True,success,,817,817,True
ZFM-01935,M,ab8a0899-a59f-42e4-8807-95b14056104b,2,True,success,,805,805,True
ZFM-01935,M,f5591ac5-311d-4fa8-9bad-029d7be9c491,3,True,success,,785,784,True
ZFM-01936,F,2c44a360-5a56-4971-8009-f469fb59de98,0,True,success,,602,600,True
ZFM-01936,F,3f6e25ae-c007-4dc3-aa77-450fd5705046,1,True,success,,401,401,True
ZFM-01936,F,4aa1d525-5c7d-4c50-a147-ec53a9014812,2,True,success,,564,564,True
ZFM-01936,F,9b5a1754-ac99-4d53-97d3-35c2f6638507,3,True,success,,443,439,True
ZFM-01936,F,d0ea3148-948d-4817-94f8-dcaf2342bbbe,4,True,success,,560,548,True
ZFM-01937,F,0b7ee1b6-42db-46cd-a465-08f531366187,0,True,success,,797,797,True
ZFM-01937,F,113c5b6c-940e-4b21-b462-789b4c2be0e5,1,True,success,,436,433,True
ZFM-02181,M,16ed8681-52f4-4be5-af8d-94c2f9cf0d0a,0,True,success,,279,266,True
ZFM-02181,M,1bcae406-0251-425a-8cc6-cabd18001439,1,True,success,,346,343,True
ZFM-02181,M,299bf322-e039-4444-8f04-67fde247ae5e,2,True,success,,203,191,True
ZFM-02181,M,2bfc9363-e976-46bf-b4c4-a0dffff196f3,3,True,success,,757,756,True
ZFM-02181,M,719aa366-e467-4111-b605-d363b73a4490,4,True,success,,406,406,True
ZFM-02181,M,8e3e56d1-4e74-49e1-94ff-65771ac852b5,5,True,success,,380,380,True
ZFM-02181,M,91e629f5-f161-44e4-8dd0-15954c602f02,6,True,success,,127,101,True
ZFM-02181,M,9974a090-c1d5-4215-8bea-558e155e5669,7,True,success,,371,371,True
ZFM-02181,M,cc97d121-9272-42da-8797-8afb02b10482,8,True,success,,135,129,True
ZFM-02181,M,f0770fb5-80ea-476f-9ec8-c30385ba8546,9,True,success,,333,333,True
ZFM-02181,M,f3dfc69b-f7a3-457a-a4bb-67f5c34a8b94,10,True,success,,784,784,True
ZFM-02368,M,a4a74102-2af5-45dc-9e41-ef7f5aed88be,0,True,success,,408,408,False
ZFM-02369,M,72cb5550-43b4-4ef0-add5-e4adfdfb5e02,0,True,success,,733,726,False
ZFM-02370,M,30c4e2ab-dffc-499d-aae4-e51d6b3218c2,0,True,success,,841,841,True
ZFM-02370,M,6f6d2c8e-28be-49f4-ae4d-06be2d3148c1,1,True,success,,552,552,True
ZFM-02370,M,d0c91c3c-8cbb-4929-8657-31f18bffc294,2,True,success,,815,815,True
ZFM-02372,F,7cec9792-b8f9-4878-be7e-f08103dc0323,0,True,success,,616,616,True
ZFM-02372,F,88224abb-5746-431f-9c17-17d7ef806e6a,1,True,success,,452,452,True
ZFM-02373,M,0802ced5-33a3-405e-8336-b65ebc5cb07c,0,True,success,,424,424,False
ZFM-02600,F,00c4ee96-3b51-4d6a-a3cc-442b637c9de1,0,True,success,,866,866,True
ZFM-02600,F,0d24afce-9d3c-449e-ac9f-577eefefbd7e,1,True,success,,866,866,True
ZFM-02600,F,30d70f60-553b-4325-ae83-a35f23271c02,2,True,success,,633,633,True
ZFM-02600,F,54c8eada-31d4-4c8d-bcc6-a76097b5ed17,3,True,success,,720,720,True
ZFM-02600,F,56fc65b3-8e8b-4e65-a935-71cc75eb5e5c,4,True,success,,673,673,True
ZFM-02600,F,5b7e1b65-b844-4fe8-b19e-1c3175290a63,5,True,success,,696,696,True
ZFM-02600,F,7556168c-558f-46f0-9bc1-a7baa33a626b,6,True,success,,533,533,True
ZFM-02600,F,865496ae-3206-4974-af44-2cff2f7023f2,7,True,success,,686,686,True
ZFM-02600,F,8fdfe480-b016-48fa-8d57-191a07db4e8e,8,True,success,,512,504,True
ZFM-02600,F,a2ebd2a4-3ff2-49e7-a22c-1661d6500dc2,9,True,success,,404,404,True
ZFM-02600,F,a98812f6-f5ac-4022-a17b-8163f26fa780,10,True,success,,675,675,True
ZFM-02600,F,c8f68575-e5a8-4960-a690-0149c5c4683f,11,True,success,,654,654,True
ZFM-02600,F,ced8cc25-a121-46ea-bd87-33cbc45fdcdb,12,True,success,,688,688,True
ZFM-02601,F,066bf23b-17a9-4a0a-84ac-097776a2ea4a,0,True,success,,101,90,True
ZFM-02601,F,40d3fa8b-3c47-4146-ad7a-c38dc7323e4e,1,True,success,,208,204,True
ZFM-02601,F,41ef4156-b899-4fb1-92e1-623a0834683d,2,True,success,,521,521,True
ZFM-02601,F,42224df7-a48b-497f-841a-719078baac20,3,True,success,,326,306,True
ZFM-02601,F,53771a15-33be-4a62-a779-a8c609b742e2,4,True,success,,137,127,True
ZFM-02601,F,63fdf495-0426-4d01-a6a5-bac7bade8b2a,5,True,success,,401,401,True
ZFM-02601,F,84785175-b255-4c62-b32c-783366dbbbec,6,True,success,,130,107,True
ZFM-02601,F,91f3d56f-c70f-4b2c-bfef-8c5c86e4a3d2,7,True,success,,378,378,True
ZFM-02601,F,95aa2185-dbd1-467a-9069-4d295eb85e57,8,True,success,,336,330,True
ZFM-02601,F,9ae2e3a7-55a8-4ded-bc91-83d47df67eaa,9,True,success,,646,646,True
ZFM-02601,F,c781f083-336f-480b-8978-85c55a88c828,10,True,success,,387,387,True
ZFM-03321,M,aff57b75-b439-4537-be22-743acedc8e5d,0,True,success,,154,145,False
ZFM-03321,M,c1fbabc4-21b1-47f9-92b0-57ed9da5ec4b,1,True,success,,204,195,False
ZFM-03323,M,3fce3ab0-3833-4012-9b4f-9fbf83bb7c01,0,True,failed,"ALFObjectNotFound: trials 
 The ALF object was not found.  This may occur if the object or namespace or incorrectly formatted e.g. the object ""_ibl_trials.intervals.npy"" would be found with the filters `object=""trials"", namespace=""ibl""` ",0,0,False
ZFM-03323,M,731910b7-8e36-4599-be41-dddbb8c9b198,1,True,success,,3,3,False
ZFM-03323,M,a8b5714d-2b1b-4902-9060-a6b205686682,2,True,failed,"ALFObjectNotFound: trials 
 The ALF object was not found.  This may occur if the object or namespace or incorrectly formatted e.g. the object ""_ibl_trials.intervals.npy"" would be found with the filters `object=""trials"", namespace=""ibl""` ",0,0,False
ZFM-03323,M,bec8e669-cc9a-4d4d-bdb7-5e9604fe2fcc,3,True,success,,3,3,False
ZFM-03324,M,91cb57bf-bf33-4fa4-9880-7c03da910ac2,0,True,success,,72,40,False
ZFM-03324,M,c5eff7e4-71ad-4983-96ac-a7e5affaadbb,1,True,success,,59,25,False
ZFM-03324,M,c5f0df31-60ca-42da-900d-7881fbc40c23,2,True,success,,53,25,False
ZFM-03329,F,37ba7dd8-714f-4c63-a7e3-548e35d8664a,0,True,success,,106,97,False
ZFM-03329,F,87287aa4-727e-48c0-8b7d-92c9f35cc257,1,True,success,,153,153,False
ZFM-03329,F,e0b73b6d-3409-441b-95ce-f22f5d22d380,2,True,success,,106,106,False
ZFM-03330,F,5244890d-9353-4cfe-a18e-23481883e3a4,0,True,success,,224,224,False
ZFM-03330,F,595c8ddd-a8e3-438d-9c31-62b2a07cc6cf,1,True,success,,117,117,False
ZFM-03330,F,7ab26936-81b3-482d-a60f-538e2e325f1e,2,True,success,,78,60,False
ZFM-03330,F,e3261da8-3d99-4cca-aabc-ef51ed2e5abc,3,True,success,,68,58,False
ZFM-03331,F,31684e30-6708-4816-a8cb-c32c63ea7541,0,True,success,,217,213,False
ZFM-03331,F,d0387aa6-b648-466a-b5a6-bb647c8acc41,1,True,success,,137,125,False
ZFM-03331,F,d0d46f77-1066-4568-a984-b2469f948aa2,2,True,success,,295,295,False
ZFM-03332,F,0d04401a-2e75-4449-b699-252000ed2b76,0,True,success,,44,28,False
ZFM-03332,F,803dd5b6-248a-4811-b36b-d7070bbfa3a1,1,True,success,,41,21,False
ZFM-03332,F,8e1bcbcb-43a3-4e08-8bdd-295255de6bb8,2,True,success,,65,55,False
ZFM-03332,F,91987e95-33ef-4af8-a2a9-377d26a97a52,3,True,success,,65,56,False
ZFM-04080,F,039ced91-2ba9-4956-a97a-162fdd84b8dc,0,True,success,,461,461,True
ZFM-04080,F,08371a0c-22d9-4f6e-ac22-c15788b39180,1,True,success,,590,586,True
ZFM-04080,F,18fb3a09-18e3-4d4b-8eff-f12d1509a553,2,True,success,,498,498,True
ZFM-04080,F,1d3b694b-f781-40b3-aacc-09729648fdfc,3,True,success,,611,611,True
ZFM-04080,F,21363f28-9683-451f-8f80-3f9aee005a6c,4,True,success,,669,669,True
ZFM-04080,F,40b82e4e-4df4-4638-8c06-1d7ce0a58015,5,True,success,,768,768,True
ZFM-04080,F,5f06cef5-4aff-4719-9a95-85a0a0f75ad9,6,True,success,,813,813,True
ZFM-04080,F,7c995107-fc32-4a3c-b01b-41ec39232c9d,7,True,success,,980,980,True
ZFM-04080,F,85b22c83-4688-4d02-9f52-99f7cb869a2b,8,True,success,,718,718,True
ZFM-04080,F,92147c4f-c792-4afd-8504-8dc47d6f2115,9,True,success,,926,925,True
ZFM-04080,F,998b3667-bd20-4d4d-b840-953b868ea90b,10,True,success,,965,965,True
ZFM-04080,F,9ca6c0d6-e598-4d35-8cc4-33b5fd7a8d55,11,True,success,,732,732,True
ZFM-04080,F,a76515bd-2527-4620-b1d1-a23d04cdd900,12,True,success,,809,805,True
ZFM-04080,F,d45f1a4a-7f14-4f84-a85c-34b21c6d498c,13,True,success,,426,422,True
ZFM-04080,F,d85ad1a8-d17f-4a9f-b440-303e13e0691f,14,True,success,,531,529,True
ZFM-04080,F,e2db9a5f-a99e-4b63-bff0-729b66d213e8,15,True,success,,823,818,True
ZFM-04080,F,e3ab0de3-4f9c-48fb-93f2-65f67a44b88c,16,True,success,,669,669,True
ZFM-04080,F,ee39969e-bdb6-44b7-a742-d06d8e80cbbe,17,True,success,,733,733,True
ZFM-04080,F,f9e70337-cf10-4073-8a55-06a8168d6587,18,True,success,,560,560,True
ZFM-04083,F,04d6ccf0-16f0-43bf-a85f-2f779454e512,0,True,success,,819,819,True
ZFM-04083,F,13fe7d4b-009c-4233-ac93-2da6c0dd78f4,1,True,success,,695,695,True
ZFM-04083,F,26504a8e-ee06-435d-91c1-e1b541a2df5f,2,True,success,,699,699,True
ZFM-04083,F,27c5e5e6-0359-4375-b53e-677aa57a73c0,3,True,success,,472,459,True
ZFM-04083,F,386b0b66-bb44-48b1-8b34-9e1a378fd7c6,4,True,success,,548,548,True
ZFM-04083,F,63dfb36c-65d3-46f6-a5c9-23c3c644763f,5,True,success,,466,465,True
ZFM-04083,F,67fee31a-215b-4836-8044-973c18fce4c1,6,True,success,,944,944,True
ZFM-04083,F,880a8764-e8e2-4ed8-a648-b77b387ba9aa,7,True,success,,871,871,True
ZFM-04083,F,8f45f39b-067e-4fab-a920-4fe89005cf2f,8,True,success,,646,646,True
ZFM-04083,F,ab87fff3-45df-4937-9536-9495c20562d3,9,True,success,,672,672,True
ZFM-04083,F,ae4a54de-43c9-4eff-8a7d-bd2d05c5f993,10,True,success,,704,704,True
ZFM-04083,F,bc05ec57-9500-48aa-9825-da7b3f4694f4,11,True,success,,690,690,True
ZFM-04083,F,bd02e951-760a-448d-9c52-3f2990f9cf42,12,True,success,,435,434,True
ZFM-04122,F,0281772e-b4c1-4680-81af-f7a56f1870b9,0,True,success,,833,833,True
ZFM-04122,F,066fbb45-4af6-45c9-a029-ad8903090f13,1,True,success,,908,908,True
ZFM-04122,F,0bc5a917-b45b-4612-9599-18047e13d547,2,True,success,,674,671,True
ZFM-04122,F,29b02d0f-5092-4fa5-a433-0d2ea3eafca8,3,True,success,,593,590,True
ZFM-04122,F,30e67309-433b-4839-88ad-2bef7b33d39e,4,True,success,,318,309,True
ZFM-04122,F,31ee2d4c-f12a-473d-aad5-24ef5acbcfd0,5,True,success,,266,264,True
ZFM-04122,F,3d2499db-1947-4c3b-917c-80bc2a1bac3a,6,True,success,,530,530,True
ZFM-04122,F,3e752e1d-54d9-411d-b238-b4f975eeb660,7,True,success,,748,744,True
ZFM-04122,F,59bd6f24-e3dd-47f1-a8cf-2f4bd2c1dacb,8,True,success,,837,834,True
ZFM-04122,F,61ad4683-739f-4463-bf03-3ac56b719f47,9,True,success,,518,518,True
ZFM-04122,F,6c064581-790e-4150-8b1b-4667f18e3dcf,10,True,success,,838,837,True
ZFM-04122,F,6fcbb3b5-7315-4471-80b8-16c2e8387b32,11,True,success,,581,581,True
ZFM-04122,F,7c3d5dd2-32fe-4582-8044-ef61b433240e,12,True,success,,798,798,True
ZFM-04122,F,8a1808ee-44ab-4572-b7ac-921a1af98748,13,True,success,,668,668,True
ZFM-04122,F,b18b8d56-e561-4f9e-b7d1-c7c434a4907e,14,True,success,,729,728,True
ZFM-04122,F,b1916e32-8d9f-4fdd-8c7a-15168b6c0e2b,15,True,success,,547,545,True
ZFM-04122,F,b6b60654-e236-4559-be65-188ab7d36a2b,16,True,success,,685,685,True
ZFM-04122,F,bd98559c-d3fb-4fef-acfe-aabdb2862549,17,True,success,,770,770,True
ZFM-04122,F,c1e0a653-9ce5-414f-a3d7-2584628f018a,18,True,success,,471,471,True
ZFM-04122,F,c2111f95-094e-435f-a2a6-4ff8e53338a2,19,True,success,,624,624,True
ZFM-04122,F,c3ac69ad-851a-475c-8ba8-e44e9bd76dcb,20,True,success,,886,882,True
ZFM-04122,F,e2911a64-a061-4058-a5dc-4221ed33d463,21,True,success,,715,715,True
ZFM-04122,F,e7872b06-8dcd-4dc0-9fba-076aeddbe7e1,22,True,success,,825,824,True
ZFM-04122,F,fd96c3d3-fd0c-4b49-8405-e4d53e8319d8,23,True,success,,592,592,True
ZFM-04300,M,2457a923-5efb-42ba-80c2-a83a5b659e28,0,True,success,,562,561,True
ZFM-04300,M,7d962737-6858-4d85-9420-c83d20e3ff0a,1,True,success,,145,123,True
ZFM-04300,M,a456692f-5658-430f-b748-c864ace98b6c,2,True,success,,524,524,True
ZFM-04300,M,cce8c6b0-2695-42d3-bc35-af35b4546c65,3,True,success,,517,516,True
ZFM-04308,F,239dd3c9-35f3-4462-95ee-91b822a22e6b,0,True,success,,414,411,False
ZFM-04308,F,9dd72e52-5393-4c08-9eca-f7dace2e59f6,1,True,success,,403,399,False
ZFM-04811,M,126cf6e8-fc3a-4fab-aad4-75772af0aa5d,0,True,success,,486,486,True
ZFM-04811,M,1e988a23-539e-4cfc-8d92-9756f3b2f360,1,True,success,,629,629,True
ZFM-04811,M,24f4d18e-67f8-47f6-a519-2fd99a0134cd,2,True,success,,644,644,True
ZFM-04811,M,2852aac3-0b80-41fd-9d22-bfb696787c4d,3,True,success,,688,688,True
ZFM-04811,M,2ec37e95-4266-45ac-8a42-a1b2d5bc8b7e,4,True,success,,402,402,True
ZFM-04811,M,3a06738c-bd9f-4f5d-8309-85d2f617dd5b,5,True,success,,525,525,True
ZFM-04811,M,4e24001d-de3e-4737-b20c-97a4b252c8cd,6,True,success,,697,697,True
ZFM-04811,M,54014195-8d46-4a06-a291-4761d1c98f10,7,True,success,,540,540,True
ZFM-04811,M,68368842-9543-45c8-8d75-b66eef40837f,8,True,success,,659,659,True
ZFM-04811,M,771ad126-7537-4caa-b999-6b843bf622a7,9,True,success,,451,451,True
ZFM-04811,M,a3b8947c-4fb1-43ef-a8df-c51fffe78c11,10,True,success,,402,401,True
ZFM-04811,M,caf38d85-1ef8-4536-935a-f297756e2e43,11,True,success,,765,765,True
ZFM-04820,M,5531e71f-8ab9-4c4e-8d5b-d92da838ee16,0,True,failed,"ALFObjectNotFound: trials 
 The ALF object was not found.  This may occur if the object or namespace or incorrectly formatted e.g. the object ""_ibl_trials.intervals.npy"" would be found with the filters `object=""trials"", namespace=""ibl""` ",0,0,False
ZFM-04820,M,73fa004c-eac3-4b34-997a-9b4268990474,1,True,failed,"ALFObjectNotFound: trials 
 The ALF object was not found.  This may occur if the object or namespace or incorrectly formatted e.g. the object ""_ibl_trials.intervals.npy"" would be found with the filters `object=""trials"", namespace=""ibl""` ",0,0,False
ZFM-04820,M,a5f5eacc-3344-4f24-a41a-a6018c1eabf1,2,True,failed,"ALFObjectNotFound: trials 
 The ALF object was not found.  This may occur if the object or namespace or incorrectly formatted e.g. the object ""_ibl_trials.intervals.npy"" would be found with the filters `object=""trials"", namespace=""ibl""` ",0,0,False
ZFM-04820,M,c211d400-04aa-479f-9544-3d30e29b8c5f,3,True,failed,"ALFObjectNotFound: trials 
 The ALF object was not found.  This may occur if the object or namespace or incorrectly formatted e.g. the object ""_ibl_trials.intervals.npy"" would be found with the filters `object=""trials"", namespace=""ibl""` ",0,0,False
ZFM-05170,F,2d93903c-d02b-4e0d-9218-681f2884598d,0,True,success,,682,682,True
ZFM-05170,F,401dc15a-96d1-47a9-81f5-bebdfcd2465d,1,True,success,,447,447,True
ZFM-05170,F,c01f7f5c-dabb-4e97-a9b7-120075c9dba0,2,True,success,,896,896,True
ZFM-05170,F,dfa58635-10b6-48d2-b77b-c4022ad0899a,3,True,success,,696,696,True
ZFM-05170,F,f3070b25-e9a7-4374-8867-7c13e791e26f,4,True,success,,513,513,True
ZM_1898,F,21e16736-fd59-44c7-b938-9b1333d25da8,0,True,success,,802,801,True
ZM_1898,F,53738f95-bd08-4d9d-9133-483fdb19e8da,1,True,success,,596,596,True
ZM_2240,M,193fe7a8-4eb5-4f3e-815a-0c45864ddd77,0,True,success,,629,629,True
ZM_2240,M,259927fd-7563-4b03-bc5d-17b4d0fa7a55,1,True,success,,646,646,True
ZM_2240,M,510b1a50-825d-44ce-86f6-9678f5396e02,2,True,success,,1075,1075,True
ZM_2240,M,d33baf74-263c-4b37-a0d0-b79dcb80a764,3,True,success,,427,426,True
ZM_2241,F,465c44bd-2e67-4112-977b-36e1ac7e3f8c,0,True,success,,484,476,True
ZM_2241,F,e49d8ee7-24b9-416a-9d04-9be33b655f40,1,True,success,,510,509,True
ZM_2241,F,ee40aece-cffd-4edb-a4b6-155f158c666a,2,True,success,,994,993,True
ZM_2241,F,f8d5c8b0-b931-4151-b86c-c471e2e80e5d,3,True,success,,787,787,True
ZM_2241,F,ff4187b5-4176-4e39-8894-53a24b7cf36b,4,True,success,,872,872,True
ZM_2245,F,cb2ad999-a6cb-42ff-bf71-1774c57e5308,0,True,success,,872,872,False
ZM_3001,M,c7248e09-8c0d-40f2-9eb4-700a8973d8c8,0,True,success,,780,780,False
ZM_3003,M,934dd7a4-fbdc-459c-8830-04fe9033bc28,0,True,success,,688,688,True
ZM_3003,M,fe1fd79f-b051-411f-a0a9-2530a02cc78d,1,True,success,,548,548,True
ibl_witten_13,M,49368f16-de69-4647-9a7a-761e94517821,0,True,success,,544,538,True
ibl_witten_13,M,5139ce2c-7d52-44bf-8129-692d61dd6403,1,True,success,,1026,1024,True
ibl_witten_18,M,25f77e81-c1af-46ab-8686-73ac3d67c4a7,0,True,success,,1014,1014,True
ibl_witten_18,M,4ef13091-1bc8-4f32-9619-107bdf48540c,1,True,success,,861,860,True
ibl_witten_18,M,cae5cd75-55e5-4277-8db3-cf4d6c5ff918,2,True,success,,498,498,True
ibl_witten_20,M,037d75ca-c90a-43f2-aca6-e86611916779,0,True,success,,842,831,True
ibl_witten_20,M,a7763417-e0d6-4f2a-aa55-e382fd9b5fb8,1,True,success,,972,970,True
ibl_witten_20,M,e12fbe11-8a6b-4bf6-a955-e5f6cec31ef1,2,True,success,,1065,1053,True
ibl_witten_25,M,5285c561-80da-4563-8694-739da92e5dd0,0,True,success,,563,563,False
ibl_witten_25,M,d9f0c293-df4c-410a-846d-842e47c6b502,1,True,success,,401,389,False
ibl_witten_26,M,09394481-8dd2-4d5c-9327-f2753ede92d7,0,True,success,,912,908,True
ibl_witten_26,M,8c2f7f4d-7346-42a4-a715-4d37a5208535,1,True,success,,471,471,True
ibl_witten_26,M,a9138924-4395-4981-83d1-530f6ff7c8fc,2,True,success,,884,875,True
ibl_witten_26,M,dc21e80d-97d7-44ca-a729-a8e3f9b14305,3,True,success,,1111,1106,True
ibl_witten_26,M,ff96bfe1-d925-4553-94b5-bf8297adf259,4,True,success,,426,426,True
ibl_witten_27,F,25d1920e-a2af-4b6c-9f2e-fc6c65576544,0,True,success,,401,401,True
ibl_witten_27,F,73918ae1-e4fd-4c18-b132-00cb555b1ad2,1,True,success,,625,625,True
ibl_witten_27,F,91e04f86-89df-4dec-a8f8-fa915c9a5f1a,2,True,success,,548,548,True
ibl_witten_27,F,952870e5-f2a7-4518-9e6d-71585460f6fe,3,True,success,,906,906,True
ibl_witten_27,F,f304211a-81b1-446f-a435-25e589fe3a5a,4,True,success,,1016,1016,True
ibl_witten_29,M,0cc486c3-8c7b-494d-aa04-b70e2690bcba,0,True,success,,563,562,True
ibl_witten_29,M,58b1e920-cfc8-467e-b28b-7654a55d0977,1,True,success,,728,727,True
ibl_witten_29,M,69a0e953-a643-4f0e-bb26-dc65af3ea7d7,2,True,success,,596,593,True
ibl_witten_29,M,72028382-a869-4745-bacf-cb8789e16953,3,True,success,,986,986,True
ibl_witten_29,M,821f1883-27f3-411d-afd3-fb8241bbc39a,4,True,success,,592,592,True
ibl_witten_29,M,86b6ba67-c1db-4333-add0-f8105ea6e363,5,True,success,,565,565,True
ibl_witten_29,M,af55d16f-0e31-4073-bdb5-26da54914aa2,6,True,success,,1118,1118,True
ibl_witten_29,M,d2832a38-27f6-452d-91d6-af72d794136c,7,True,success,,663,663,True
ibl_witten_29,M,e9fc0a2d-c69d-44d1-9fa3-314782387cae,8,True,success,,430,429,True
ibl_witten_32,M,08102cfc-a040-4bcf-b63c-faa0f4914a6f,0,True,success,,406,397,False
